{
    "results": {
        "tool": {
            "name": "pytest",
            "version": "8.4.1"
        },
        "summary": {
            "tests": 2,
            "passed": 2,
            "failed": 0,
            "skipped": 0,
            "pending": 0,
            "other": 0,
            "start": 1781215188.0261765,
            "stop": 1781215188.3528886
        },
        "tests": [
            {
                "name": "test_outputs.py::test_extract_js_exists",
                "status": "passed",
                "duration": 0.00035344064235687256,
                "start": 1781215188.0789518,
                "stop": 1781215188.0794752,
                "retries": 0,
                "file_path": "test_outputs.py"
            },
            {
                "name": "test_outputs.py::test_output_matches_reference",
                "status": "passed",
                "duration": 0.27290272898972034,
                "start": 1781215188.079597,
                "stop": 1781215188.3527055,
                "retries": 0,
                "file_path": "test_outputs.py"
            }
        ]
    }
}