{
    "results": {
        "tool": {
            "name": "pytest",
            "version": "8.4.1"
        },
        "summary": {
            "tests": 2,
            "passed": 2,
            "failed": 0,
            "skipped": 0,
            "pending": 0,
            "other": 0,
            "start": 1781765058.7313278,
            "stop": 1781765058.7873886
        },
        "tests": [
            {
                "name": "test_outputs.py::test_about_file",
                "status": "passed",
                "duration": 0.00039797998033463955,
                "start": 1781765058.7861612,
                "stop": 1781765058.7867215,
                "retries": 0,
                "file_path": "test_outputs.py"
            },
            {
                "name": "test_outputs.py::test_layout_file",
                "status": "passed",
                "duration": 0.0003272700123488903,
                "start": 1781765058.7868583,
                "stop": 1781765058.7872806,
                "retries": 0,
                "file_path": "test_outputs.py"
            }
        ]
    }
}