{
    "results": {
        "tool": {
            "name": "pytest",
            "version": "8.4.1"
        },
        "summary": {
            "tests": 2,
            "passed": 2,
            "failed": 0,
            "skipped": 0,
            "pending": 0,
            "other": 0,
            "start": 1781029259.2410614,
            "stop": 1781029259.2981002
        },
        "tests": [
            {
                "name": "test_outputs.py::test_about_file",
                "status": "passed",
                "duration": 0.0005783103406429291,
                "start": 1781029259.296489,
                "stop": 1781029259.297239,
                "retries": 0,
                "file_path": "test_outputs.py"
            },
            {
                "name": "test_outputs.py::test_layout_file",
                "status": "passed",
                "duration": 0.0005107559263706207,
                "start": 1781029259.297379,
                "stop": 1781029259.297988,
                "retries": 0,
                "file_path": "test_outputs.py"
            }
        ]
    }
}