{
    "results": {
        "tool": {
            "name": "pytest",
            "version": "8.4.1"
        },
        "summary": {
            "tests": 1,
            "passed": 1,
            "failed": 0,
            "skipped": 0,
            "pending": 0,
            "other": 0,
            "start": 1781777727.8369877,
            "stop": 1781777727.8878326
        },
        "tests": [
            {
                "name": "test_outputs.py::test_json_data",
                "status": "passed",
                "duration": 0.0004243887960910797,
                "start": 1781777727.887108,
                "stop": 1781777727.8877141,
                "retries": 0,
                "file_path": "test_outputs.py"
            }
        ]
    }
}