{
    "results": {
        "tool": {
            "name": "pytest",
            "version": "8.4.1"
        },
        "summary": {
            "tests": 2,
            "passed": 2,
            "failed": 0,
            "skipped": 0,
            "pending": 0,
            "other": 0,
            "start": 1781216874.2249017,
            "stop": 1781216874.2794971
        },
        "tests": [
            {
                "name": "test_outputs.py::test_summary_file_exists",
                "status": "passed",
                "duration": 0.0003949906677007675,
                "start": 1781216874.2781634,
                "stop": 1781216874.2787268,
                "retries": 0,
                "file_path": "test_outputs.py"
            },
            {
                "name": "test_outputs.py::test_summary_structure_and_counts",
                "status": "passed",
                "duration": 0.000390881672501564,
                "start": 1781216874.2788813,
                "stop": 1781216874.2793856,
                "retries": 0,
                "file_path": "test_outputs.py"
            }
        ]
    }
}