{
    "results": {
        "tool": {
            "name": "pytest",
            "version": "8.4.1"
        },
        "summary": {
            "tests": 1,
            "passed": 1,
            "failed": 0,
            "skipped": 0,
            "pending": 0,
            "other": 0,
            "start": 1781763588.3094296,
            "stop": 1781763588.3691032
        },
        "tests": [
            {
                "name": "test_outputs.py::test_json_data",
                "status": "passed",
                "duration": 0.00037712976336479187,
                "start": 1781763588.3684678,
                "stop": 1781763588.3689897,
                "retries": 0,
                "file_path": "test_outputs.py"
            }
        ]
    }
}