{
    "results": {
        "tool": {
            "name": "pytest",
            "version": "8.4.1"
        },
        "summary": {
            "tests": 2,
            "passed": 2,
            "failed": 0,
            "skipped": 0,
            "pending": 0,
            "other": 0,
            "start": 1781040246.600797,
            "stop": 1781040246.6532593
        },
        "tests": [
            {
                "name": "test_outputs.py::test_about_file",
                "status": "passed",
                "duration": 0.0005136206746101379,
                "start": 1781040246.651826,
                "stop": 1781040246.65251,
                "retries": 0,
                "file_path": "test_outputs.py"
            },
            {
                "name": "test_outputs.py::test_layout_file",
                "status": "passed",
                "duration": 0.0004194173961877823,
                "start": 1781040246.6526425,
                "stop": 1781040246.6531553,
                "retries": 0,
                "file_path": "test_outputs.py"
            }
        ]
    }
}