{
    "results": {
        "tool": {
            "name": "pytest",
            "version": "8.4.1"
        },
        "summary": {
            "tests": 2,
            "passed": 2,
            "failed": 0,
            "skipped": 0,
            "pending": 0,
            "other": 0,
            "start": 1781757470.332337,
            "stop": 1781757470.6374774
        },
        "tests": [
            {
                "name": "test_outputs.py::test_extract_js_exists",
                "status": "passed",
                "duration": 0.0003159567713737488,
                "start": 1781757470.3814638,
                "stop": 1781757470.3819299,
                "retries": 0,
                "file_path": "test_outputs.py"
            },
            {
                "name": "test_outputs.py::test_output_matches_reference",
                "status": "passed",
                "duration": 0.25480983033776283,
                "start": 1781757470.382047,
                "stop": 1781757470.6371365,
                "retries": 0,
                "file_path": "test_outputs.py"
            }
        ]
    }
}