{
    "results": {
        "tool": {
            "name": "pytest",
            "version": "8.4.1"
        },
        "summary": {
            "tests": 2,
            "passed": 2,
            "failed": 0,
            "skipped": 0,
            "pending": 0,
            "other": 0,
            "start": 1781050133.660494,
            "stop": 1781050133.7124527
        },
        "tests": [
            {
                "name": "test_outputs.py::test_summary_file_exists",
                "status": "passed",
                "duration": 0.00032769888639450073,
                "start": 1781050133.7113438,
                "stop": 1781050133.7118275,
                "retries": 0,
                "file_path": "test_outputs.py"
            },
            {
                "name": "test_outputs.py::test_summary_structure_and_counts",
                "status": "passed",
                "duration": 0.0003047771751880646,
                "start": 1781050133.7119532,
                "stop": 1781050133.7123477,
                "retries": 0,
                "file_path": "test_outputs.py"
            }
        ]
    }
}