{
    "results": {
        "tool": {
            "name": "pytest",
            "version": "8.4.1"
        },
        "summary": {
            "tests": 2,
            "passed": 2,
            "failed": 0,
            "skipped": 0,
            "pending": 0,
            "other": 0,
            "start": 1781499070.5347722,
            "stop": 1781499072.3153136
        },
        "tests": [
            {
                "name": "test_outputs.py::test_modernized_code_runs",
                "status": "passed",
                "duration": 1.7464252393692732,
                "start": 1781499070.5670362,
                "stop": 1781499072.3139377,
                "retries": 0,
                "file_path": "test_outputs.py"
            },
            {
                "name": "test_outputs.py::test_dependency_file_exists",
                "status": "passed",
                "duration": 0.000566728413105011,
                "start": 1781499072.3143187,
                "stop": 1781499072.3150785,
                "retries": 0,
                "file_path": "test_outputs.py"
            }
        ]
    }
}