{
    "results": {
        "tool": {
            "name": "pytest",
            "version": "8.4.1"
        },
        "summary": {
            "tests": 2,
            "passed": 2,
            "failed": 0,
            "skipped": 0,
            "pending": 0,
            "other": 0,
            "start": 1781231955.8424022,
            "stop": 1781231956.1727362
        },
        "tests": [
            {
                "name": "test_outputs.py::test_extract_js_exists",
                "status": "passed",
                "duration": 0.00037149712443351746,
                "start": 1781231955.8972347,
                "stop": 1781231955.8977735,
                "retries": 0,
                "file_path": "test_outputs.py"
            },
            {
                "name": "test_outputs.py::test_output_matches_reference",
                "status": "passed",
                "duration": 0.2744329459965229,
                "start": 1781231955.8979087,
                "stop": 1781231956.1725519,
                "retries": 0,
                "file_path": "test_outputs.py"
            }
        ]
    }
}