{
    "results": {
        "tool": {
            "name": "pytest",
            "version": "8.4.1"
        },
        "summary": {
            "tests": 2,
            "passed": 2,
            "failed": 0,
            "skipped": 0,
            "pending": 0,
            "other": 0,
            "start": 1781165367.1446848,
            "stop": 1781165368.6494093
        },
        "tests": [
            {
                "name": "test_outputs.py::test_modernized_code_runs",
                "status": "passed",
                "duration": 1.4807079304009676,
                "start": 1781165367.1673844,
                "stop": 1781165368.6484258,
                "retries": 0,
                "file_path": "test_outputs.py"
            },
            {
                "name": "test_outputs.py::test_dependency_file_exists",
                "status": "passed",
                "duration": 0.00040605105459690094,
                "start": 1781165368.6486986,
                "stop": 1781165368.6492457,
                "retries": 0,
                "file_path": "test_outputs.py"
            }
        ]
    }
}