{
    "results": {
        "tool": {
            "name": "pytest",
            "version": "8.4.1"
        },
        "summary": {
            "tests": 2,
            "passed": 2,
            "failed": 0,
            "skipped": 0,
            "pending": 0,
            "other": 0,
            "start": 1781524168.1175292,
            "stop": 1781524169.4359019
        },
        "tests": [
            {
                "name": "test_outputs.py::test_modernized_code_runs",
                "status": "passed",
                "duration": 1.3006701115518808,
                "start": 1781524168.1342113,
                "stop": 1781524169.4351468,
                "retries": 0,
                "file_path": "test_outputs.py"
            },
            {
                "name": "test_outputs.py::test_dependency_file_exists",
                "status": "passed",
                "duration": 0.0003057904541492462,
                "start": 1781524169.435361,
                "stop": 1781524169.4357636,
                "retries": 0,
                "file_path": "test_outputs.py"
            }
        ]
    }
}