{
    "results": {
        "tool": {
            "name": "pytest",
            "version": "8.4.1"
        },
        "summary": {
            "tests": 2,
            "passed": 2,
            "failed": 0,
            "skipped": 0,
            "pending": 0,
            "other": 0,
            "start": 1781218264.881796,
            "stop": 1781218264.938296
        },
        "tests": [
            {
                "name": "test_outputs.py::test_about_file",
                "status": "passed",
                "duration": 0.0004921890795230865,
                "start": 1781218264.936909,
                "stop": 1781218264.9375713,
                "retries": 0,
                "file_path": "test_outputs.py"
            },
            {
                "name": "test_outputs.py::test_layout_file",
                "status": "passed",
                "duration": 0.00039738789200782776,
                "start": 1781218264.9377022,
                "stop": 1781218264.93819,
                "retries": 0,
                "file_path": "test_outputs.py"
            }
        ]
    }
}