{
    "results": {
        "tool": {
            "name": "pytest",
            "version": "8.4.1"
        },
        "summary": {
            "tests": 2,
            "passed": 2,
            "failed": 0,
            "skipped": 0,
            "pending": 0,
            "other": 0,
            "start": 1780715223.2383792,
            "stop": 1780715223.314177
        },
        "tests": [
            {
                "name": "test_outputs.py::test_about_file",
                "status": "passed",
                "duration": 0.002013232558965683,
                "start": 1780715223.3100672,
                "stop": 1780715223.3123548,
                "retries": 0,
                "file_path": "test_outputs.py"
            },
            {
                "name": "test_outputs.py::test_layout_file",
                "status": "passed",
                "duration": 0.0013050548732280731,
                "start": 1780715223.3125627,
                "stop": 1780715223.3140132,
                "retries": 0,
                "file_path": "test_outputs.py"
            }
        ]
    }
}