{
    "results": {
        "tool": {
            "name": "pytest",
            "version": "8.4.1"
        },
        "summary": {
            "tests": 2,
            "passed": 2,
            "failed": 0,
            "skipped": 0,
            "pending": 0,
            "other": 0,
            "start": 1781543786.2869039,
            "stop": 1781543787.5809765
        },
        "tests": [
            {
                "name": "test_outputs.py::test_modernized_code_runs",
                "status": "passed",
                "duration": 1.2748360745608807,
                "start": 1781543786.3048604,
                "stop": 1781543787.5800962,
                "retries": 0,
                "file_path": "test_outputs.py"
            },
            {
                "name": "test_outputs.py::test_dependency_file_exists",
                "status": "passed",
                "duration": 0.00036271847784519196,
                "start": 1781543787.5803432,
                "stop": 1781543787.5808318,
                "retries": 0,
                "file_path": "test_outputs.py"
            }
        ]
    }
}