{
    "results": {
        "tool": {
            "name": "pytest",
            "version": "8.4.1"
        },
        "summary": {
            "tests": 2,
            "passed": 2,
            "failed": 0,
            "skipped": 0,
            "pending": 0,
            "other": 0,
            "start": 1781232088.3525403,
            "stop": 1781232088.3677804
        },
        "tests": [
            {
                "name": "test_outputs.py::test_output_file_exists",
                "status": "passed",
                "duration": 0.00033156760036945343,
                "start": 1781232088.3666759,
                "stop": 1781232088.3671687,
                "retries": 0,
                "file_path": "test_outputs.py"
            },
            {
                "name": "test_outputs.py::test_output_is_correct",
                "status": "passed",
                "duration": 0.0002767220139503479,
                "start": 1781232088.3673072,
                "stop": 1781232088.367674,
                "retries": 0,
                "file_path": "test_outputs.py"
            }
        ]
    }
}