{
    "results": {
        "tool": {
            "name": "pytest",
            "version": "8.4.1"
        },
        "summary": {
            "tests": 2,
            "passed": 2,
            "failed": 0,
            "skipped": 0,
            "pending": 0,
            "other": 0,
            "start": 1781124580.2740195,
            "stop": 1781124580.3408809
        },
        "tests": [
            {
                "name": "test_outputs.py::test_about_file",
                "status": "passed",
                "duration": 0.0005397014319896698,
                "start": 1781124580.339217,
                "stop": 1781124580.339945,
                "retries": 0,
                "file_path": "test_outputs.py"
            },
            {
                "name": "test_outputs.py::test_layout_file",
                "status": "passed",
                "duration": 0.0005251597613096237,
                "start": 1781124580.3400896,
                "stop": 1781124580.3407376,
                "retries": 0,
                "file_path": "test_outputs.py"
            }
        ]
    }
}