{
    "results": {
        "tool": {
            "name": "pytest",
            "version": "8.4.1"
        },
        "summary": {
            "tests": 2,
            "passed": 2,
            "failed": 0,
            "skipped": 0,
            "pending": 0,
            "other": 0,
            "start": 1781037950.2310457,
            "stop": 1781037950.24303
        },
        "tests": [
            {
                "name": "test_outputs.py::test_output_file_exists",
                "status": "passed",
                "duration": 0.0003270599991083145,
                "start": 1781037950.2419553,
                "stop": 1781037950.24243,
                "retries": 0,
                "file_path": "test_outputs.py"
            },
            {
                "name": "test_outputs.py::test_output_is_correct",
                "status": "passed",
                "duration": 0.00028398004360497,
                "start": 1781037950.2425559,
                "stop": 1781037950.2429254,
                "retries": 0,
                "file_path": "test_outputs.py"
            }
        ]
    }
}