{
    "results": {
        "tool": {
            "name": "pytest",
            "version": "8.4.1"
        },
        "summary": {
            "tests": 2,
            "passed": 2,
            "failed": 0,
            "skipped": 0,
            "pending": 0,
            "other": 0,
            "start": 1781123623.852128,
            "stop": 1781123623.905144
        },
        "tests": [
            {
                "name": "test_outputs.py::test_summary_file_exists",
                "status": "passed",
                "duration": 0.00033159367740154266,
                "start": 1781123623.9040377,
                "stop": 1781123623.9045293,
                "retries": 0,
                "file_path": "test_outputs.py"
            },
            {
                "name": "test_outputs.py::test_summary_structure_and_counts",
                "status": "passed",
                "duration": 0.00028892792761325836,
                "start": 1781123623.9046602,
                "stop": 1781123623.9050376,
                "retries": 0,
                "file_path": "test_outputs.py"
            }
        ]
    }
}