{
    "results": {
        "tool": {
            "name": "pytest",
            "version": "8.4.1"
        },
        "summary": {
            "tests": 1,
            "passed": 1,
            "failed": 0,
            "skipped": 0,
            "pending": 0,
            "other": 0,
            "start": 1781755260.5582905,
            "stop": 1781755261.7519374
        },
        "tests": [
            {
                "name": "test_outputs.py::test_api",
                "status": "passed",
                "duration": 1.179975850507617,
                "start": 1781755260.5714946,
                "stop": 1781755261.7517579,
                "retries": 0,
                "file_path": "test_outputs.py"
            }
        ]
    }
}