{
    "results": {
        "tool": {
            "name": "pytest",
            "version": "8.4.1"
        },
        "summary": {
            "tests": 2,
            "passed": 2,
            "failed": 0,
            "skipped": 0,
            "pending": 0,
            "other": 0,
            "start": 1781757319.8525276,
            "stop": 1781757319.86395
        },
        "tests": [
            {
                "name": "test_outputs.py::test_output_file_exists",
                "status": "passed",
                "duration": 0.0003021359443664551,
                "start": 1781757319.8629427,
                "stop": 1781757319.8633862,
                "retries": 0,
                "file_path": "test_outputs.py"
            },
            {
                "name": "test_outputs.py::test_output_is_correct",
                "status": "passed",
                "duration": 0.0002598389983177185,
                "start": 1781757319.8635106,
                "stop": 1781757319.863853,
                "retries": 0,
                "file_path": "test_outputs.py"
            }
        ]
    }
}