{
    "results": {
        "tool": {
            "name": "pytest",
            "version": "8.4.1"
        },
        "summary": {
            "tests": 1,
            "passed": 1,
            "failed": 0,
            "skipped": 0,
            "pending": 0,
            "other": 0,
            "start": 1781801112.3392508,
            "stop": 1781801113.5808172
        },
        "tests": [
            {
                "name": "test_outputs.py::test_api",
                "status": "passed",
                "duration": 1.2266177982091904,
                "start": 1781801112.3534534,
                "stop": 1781801113.5804558,
                "retries": 0,
                "file_path": "test_outputs.py"
            }
        ]
    }
}