{
    "results": {
        "tool": {
            "name": "pytest",
            "version": "8.4.1"
        },
        "summary": {
            "tests": 1,
            "passed": 1,
            "failed": 0,
            "skipped": 0,
            "pending": 0,
            "other": 0,
            "start": 1781773556.459596,
            "stop": 1781773556.5032067
        },
        "tests": [
            {
                "name": "test_outputs.py::test_tests_output",
                "status": "passed",
                "duration": 0.00035655125975608826,
                "start": 1781773556.5026047,
                "stop": 1781773556.5030944,
                "retries": 0,
                "file_path": "test_outputs.py"
            }
        ]
    }
}