{
    "results": {
        "tool": {
            "name": "pytest",
            "version": "8.4.1"
        },
        "summary": {
            "tests": 2,
            "passed": 2,
            "failed": 0,
            "skipped": 0,
            "pending": 0,
            "other": 0,
            "start": 1781207131.4162052,
            "stop": 1781207131.4682875
        },
        "tests": [
            {
                "name": "test_outputs.py::test_summary_file_exists",
                "status": "passed",
                "duration": 0.00032343342900276184,
                "start": 1781207131.4671931,
                "stop": 1781207131.467673,
                "retries": 0,
                "file_path": "test_outputs.py"
            },
            {
                "name": "test_outputs.py::test_summary_structure_and_counts",
                "status": "passed",
                "duration": 0.0002904832363128662,
                "start": 1781207131.4678001,
                "stop": 1781207131.468182,
                "retries": 0,
                "file_path": "test_outputs.py"
            }
        ]
    }
}