{
    "results": {
        "tool": {
            "name": "pytest",
            "version": "8.4.1"
        },
        "summary": {
            "tests": 2,
            "passed": 2,
            "failed": 0,
            "skipped": 0,
            "pending": 0,
            "other": 0,
            "start": 1780707539.276172,
            "stop": 1780707540.6426682
        },
        "tests": [
            {
                "name": "test_outputs.py::test_modernized_code_runs",
                "status": "passed",
                "duration": 1.3464435134083033,
                "start": 1780707539.2950265,
                "stop": 1780707540.6417673,
                "retries": 0,
                "file_path": "test_outputs.py"
            },
            {
                "name": "test_outputs.py::test_dependency_file_exists",
                "status": "passed",
                "duration": 0.00036456063389778137,
                "start": 1780707540.6420248,
                "stop": 1780707540.6425104,
                "retries": 0,
                "file_path": "test_outputs.py"
            }
        ]
    }
}