{
    "results": {
        "tool": {
            "name": "pytest",
            "version": "8.4.1"
        },
        "summary": {
            "tests": 2,
            "passed": 2,
            "failed": 0,
            "skipped": 0,
            "pending": 0,
            "other": 0,
            "start": 1781128822.3703032,
            "stop": 1781128822.4399369
        },
        "tests": [
            {
                "name": "test_outputs.py::test_about_file",
                "status": "passed",
                "duration": 0.0006760247051715851,
                "start": 1781128822.4380643,
                "stop": 1781128822.438978,
                "retries": 0,
                "file_path": "test_outputs.py"
            },
            {
                "name": "test_outputs.py::test_layout_file",
                "status": "passed",
                "duration": 0.0005437098443508148,
                "start": 1781128822.43914,
                "stop": 1781128822.4397979,
                "retries": 0,
                "file_path": "test_outputs.py"
            }
        ]
    }
}