{
    "results": {
        "tool": {
            "name": "pytest",
            "version": "8.4.1"
        },
        "summary": {
            "tests": 1,
            "passed": 1,
            "failed": 0,
            "skipped": 0,
            "pending": 0,
            "other": 0,
            "start": 1781282586.729329,
            "stop": 1781282587.8478909
        },
        "tests": [
            {
                "name": "test_outputs.py::test_api",
                "status": "passed",
                "duration": 1.1060983501374722,
                "start": 1781282586.7413561,
                "stop": 1781282587.8477194,
                "retries": 0,
                "file_path": "test_outputs.py"
            }
        ]
    }
}