{
    "results": {
        "tool": {
            "name": "pytest",
            "version": "8.4.1"
        },
        "summary": {
            "tests": 2,
            "passed": 2,
            "failed": 0,
            "skipped": 0,
            "pending": 0,
            "other": 0,
            "start": 1781773194.3513353,
            "stop": 1781773194.4049182
        },
        "tests": [
            {
                "name": "test_outputs.py::test_summary_file_exists",
                "status": "passed",
                "duration": 0.0003276001662015915,
                "start": 1781773194.4038305,
                "stop": 1781773194.4043174,
                "retries": 0,
                "file_path": "test_outputs.py"
            },
            {
                "name": "test_outputs.py::test_summary_structure_and_counts",
                "status": "passed",
                "duration": 0.00028722919523715973,
                "start": 1781773194.4044394,
                "stop": 1781773194.4048145,
                "retries": 0,
                "file_path": "test_outputs.py"
            }
        ]
    }
}