{
    "results": {
        "tool": {
            "name": "pytest",
            "version": "8.4.1"
        },
        "summary": {
            "tests": 2,
            "passed": 2,
            "failed": 0,
            "skipped": 0,
            "pending": 0,
            "other": 0,
            "start": 1780718884.0821652,
            "stop": 1780718885.4303672
        },
        "tests": [
            {
                "name": "test_outputs.py::test_modernized_code_runs",
                "status": "passed",
                "duration": 1.3272800690028816,
                "start": 1780718884.1020193,
                "stop": 1780718885.4295814,
                "retries": 0,
                "file_path": "test_outputs.py"
            },
            {
                "name": "test_outputs.py::test_dependency_file_exists",
                "status": "passed",
                "duration": 0.00031422090250998735,
                "start": 1780718885.4298143,
                "stop": 1780718885.4302292,
                "retries": 0,
                "file_path": "test_outputs.py"
            }
        ]
    }
}