{
    "results": {
        "tool": {
            "name": "pytest",
            "version": "8.4.1"
        },
        "summary": {
            "tests": 2,
            "passed": 2,
            "failed": 0,
            "skipped": 0,
            "pending": 0,
            "other": 0,
            "start": 1781210036.2227569,
            "stop": 1781210036.2448363
        },
        "tests": [
            {
                "name": "test_outputs.py::test_output_file_exists",
                "status": "passed",
                "duration": 0.0003469489747658372,
                "start": 1781210036.2437367,
                "stop": 1781210036.2442539,
                "retries": 0,
                "file_path": "test_outputs.py"
            },
            {
                "name": "test_outputs.py::test_output_is_correct",
                "status": "passed",
                "duration": 0.00026790902484208345,
                "start": 1781210036.244381,
                "stop": 1781210036.2447329,
                "retries": 0,
                "file_path": "test_outputs.py"
            }
        ]
    }
}