{
    "results": {
        "tool": {
            "name": "pytest",
            "version": "8.4.1"
        },
        "summary": {
            "tests": 2,
            "passed": 2,
            "failed": 0,
            "skipped": 0,
            "pending": 0,
            "other": 0,
            "start": 1781032918.392709,
            "stop": 1781032918.4929373
        },
        "tests": [
            {
                "name": "test_outputs.py::test_about_file",
                "status": "passed",
                "duration": 0.0008101947605609894,
                "start": 1781032918.4907928,
                "stop": 1781032918.4918437,
                "retries": 0,
                "file_path": "test_outputs.py"
            },
            {
                "name": "test_outputs.py::test_layout_file",
                "status": "passed",
                "duration": 0.0006016120314598083,
                "start": 1781032918.4920375,
                "stop": 1781032918.492777,
                "retries": 0,
                "file_path": "test_outputs.py"
            }
        ]
    }
}