{
    "results": {
        "tool": {
            "name": "pytest",
            "version": "8.4.1"
        },
        "summary": {
            "tests": 2,
            "passed": 2,
            "failed": 0,
            "skipped": 0,
            "pending": 0,
            "other": 0,
            "start": 1781550861.1011906,
            "stop": 1781550861.1533384
        },
        "tests": [
            {
                "name": "test_outputs.py::test_summary_file_exists",
                "status": "passed",
                "duration": 0.00036995112895965576,
                "start": 1781550861.1520894,
                "stop": 1781550861.152637,
                "retries": 0,
                "file_path": "test_outputs.py"
            },
            {
                "name": "test_outputs.py::test_summary_structure_and_counts",
                "status": "passed",
                "duration": 0.00033531710505485535,
                "start": 1781550861.1527762,
                "stop": 1781550861.153211,
                "retries": 0,
                "file_path": "test_outputs.py"
            }
        ]
    }
}