{
    "results": {
        "tool": {
            "name": "pytest",
            "version": "8.4.1"
        },
        "summary": {
            "tests": 2,
            "passed": 2,
            "failed": 0,
            "skipped": 0,
            "pending": 0,
            "other": 0,
            "start": 1781195018.3605766,
            "stop": 1781195018.4187052
        },
        "tests": [
            {
                "name": "test_outputs.py::test_summary_file_exists",
                "status": "passed",
                "duration": 0.00035618431866168976,
                "start": 1781195018.4174933,
                "stop": 1781195018.418015,
                "retries": 0,
                "file_path": "test_outputs.py"
            },
            {
                "name": "test_outputs.py::test_summary_structure_and_counts",
                "status": "passed",
                "duration": 0.0003311913460493088,
                "start": 1781195018.4181614,
                "stop": 1781195018.418591,
                "retries": 0,
                "file_path": "test_outputs.py"
            }
        ]
    }
}