{
    "results": {
        "tool": {
            "name": "pytest",
            "version": "8.4.1"
        },
        "summary": {
            "tests": 2,
            "passed": 2,
            "failed": 0,
            "skipped": 0,
            "pending": 0,
            "other": 0,
            "start": 1781762008.2166579,
            "stop": 1781762008.2297206
        },
        "tests": [
            {
                "name": "test_outputs.py::test_output_file_exists",
                "status": "passed",
                "duration": 0.0003496888093650341,
                "start": 1781762008.228657,
                "stop": 1781762008.2291577,
                "retries": 0,
                "file_path": "test_outputs.py"
            },
            {
                "name": "test_outputs.py::test_output_is_correct",
                "status": "passed",
                "duration": 0.000259848078712821,
                "start": 1781762008.2292814,
                "stop": 1781762008.2296238,
                "retries": 0,
                "file_path": "test_outputs.py"
            }
        ]
    }
}