{
    "results": {
        "tool": {
            "name": "pytest",
            "version": "8.4.1"
        },
        "summary": {
            "tests": 2,
            "passed": 2,
            "failed": 0,
            "skipped": 0,
            "pending": 0,
            "other": 0,
            "start": 1781774499.3179312,
            "stop": 1781774499.380178
        },
        "tests": [
            {
                "name": "test_outputs.py::test_about_file",
                "status": "passed",
                "duration": 0.0004838183522224426,
                "start": 1781774499.3787549,
                "stop": 1781774499.3794076,
                "retries": 0,
                "file_path": "test_outputs.py"
            },
            {
                "name": "test_outputs.py::test_layout_file",
                "status": "passed",
                "duration": 0.0004170164465904236,
                "start": 1781774499.3795524,
                "stop": 1781774499.3800676,
                "retries": 0,
                "file_path": "test_outputs.py"
            }
        ]
    }
}