{
    "results": {
        "tool": {
            "name": "pytest",
            "version": "8.4.1"
        },
        "summary": {
            "tests": 2,
            "passed": 2,
            "failed": 0,
            "skipped": 0,
            "pending": 0,
            "other": 0,
            "start": 1781546785.8695543,
            "stop": 1781546785.9341888
        },
        "tests": [
            {
                "name": "test_outputs.py::test_about_file",
                "status": "passed",
                "duration": 0.0005402266979217529,
                "start": 1781546785.9327252,
                "stop": 1781546785.9334383,
                "retries": 0,
                "file_path": "test_outputs.py"
            },
            {
                "name": "test_outputs.py::test_layout_file",
                "status": "passed",
                "duration": 0.0004159640520811081,
                "start": 1781546785.9335735,
                "stop": 1781546785.934081,
                "retries": 0,
                "file_path": "test_outputs.py"
            }
        ]
    }
}