{
    "results": {
        "tool": {
            "name": "pytest",
            "version": "8.4.1"
        },
        "summary": {
            "tests": 2,
            "passed": 2,
            "failed": 0,
            "skipped": 0,
            "pending": 0,
            "other": 0,
            "start": 1780708345.923208,
            "stop": 1780708345.9898002
        },
        "tests": [
            {
                "name": "test_outputs.py::test_about_file",
                "status": "passed",
                "duration": 0.0005463548004627228,
                "start": 1780708345.9882946,
                "stop": 1780708345.9890234,
                "retries": 0,
                "file_path": "test_outputs.py"
            },
            {
                "name": "test_outputs.py::test_layout_file",
                "status": "passed",
                "duration": 0.0004319697618484497,
                "start": 1780708345.989159,
                "stop": 1780708345.9896872,
                "retries": 0,
                "file_path": "test_outputs.py"
            }
        ]
    }
}