{
    "results": {
        "tool": {
            "name": "pytest",
            "version": "8.4.1"
        },
        "summary": {
            "tests": 2,
            "passed": 2,
            "failed": 0,
            "skipped": 0,
            "pending": 0,
            "other": 0,
            "start": 1780704851.6207469,
            "stop": 1780704851.6806242
        },
        "tests": [
            {
                "name": "test_outputs.py::test_about_file",
                "status": "passed",
                "duration": 0.0005864687263965607,
                "start": 1780704851.6790073,
                "stop": 1780704851.6797915,
                "retries": 0,
                "file_path": "test_outputs.py"
            },
            {
                "name": "test_outputs.py::test_layout_file",
                "status": "passed",
                "duration": 0.00047424063086509705,
                "start": 1780704851.679933,
                "stop": 1780704851.6805093,
                "retries": 0,
                "file_path": "test_outputs.py"
            }
        ]
    }
}