{
    "results": {
        "tool": {
            "name": "pytest",
            "version": "8.4.1"
        },
        "summary": {
            "tests": 1,
            "passed": 1,
            "failed": 0,
            "skipped": 0,
            "pending": 0,
            "other": 0,
            "start": 1781798444.4540796,
            "stop": 1781798445.545798
        },
        "tests": [
            {
                "name": "test_outputs.py::test_api",
                "status": "passed",
                "duration": 1.0795235049445182,
                "start": 1781798444.4656234,
                "stop": 1781798445.5454752,
                "retries": 0,
                "file_path": "test_outputs.py"
            }
        ]
    }
}