{
    "results": {
        "tool": {
            "name": "pytest",
            "version": "8.4.1"
        },
        "summary": {
            "tests": 2,
            "passed": 2,
            "failed": 0,
            "skipped": 0,
            "pending": 0,
            "other": 0,
            "start": 1781806809.2785504,
            "stop": 1781806809.3268147
        },
        "tests": [
            {
                "name": "test_outputs.py::test_solution_file",
                "status": "passed",
                "duration": 0.0003524851053953171,
                "start": 1781806809.3256931,
                "stop": 1781806809.326215,
                "retries": 0,
                "file_path": "test_outputs.py"
            },
            {
                "name": "test_outputs.py::test_solution_content",
                "status": "passed",
                "duration": 0.000285102054476738,
                "start": 1781806809.3263419,
                "stop": 1781806809.326709,
                "retries": 0,
                "file_path": "test_outputs.py"
            }
        ]
    }
}