{
    "results": {
        "tool": {
            "name": "pytest",
            "version": "8.4.1"
        },
        "summary": {
            "tests": 1,
            "passed": 1,
            "failed": 0,
            "skipped": 0,
            "pending": 0,
            "other": 0,
            "start": 1781758755.4555428,
            "stop": 1781758755.5041678
        },
        "tests": [
            {
                "name": "test_outputs.py::test_json_data",
                "status": "passed",
                "duration": 0.00038873404264450073,
                "start": 1781758755.503514,
                "stop": 1781758755.5040534,
                "retries": 0,
                "file_path": "test_outputs.py"
            }
        ]
    }
}