{
    "results": {
        "tool": {
            "name": "pytest",
            "version": "8.4.1"
        },
        "summary": {
            "tests": 1,
            "passed": 1,
            "failed": 0,
            "skipped": 0,
            "pending": 0,
            "other": 0,
            "start": 1781803163.0254169,
            "stop": 1781803163.093778
        },
        "tests": [
            {
                "name": "test_outputs.py::test_json_data",
                "status": "passed",
                "duration": 0.0004291944205760956,
                "start": 1781803163.0930405,
                "stop": 1781803163.0936513,
                "retries": 0,
                "file_path": "test_outputs.py"
            }
        ]
    }
}