{
    "results": {
        "tool": {
            "name": "pytest",
            "version": "8.4.1"
        },
        "summary": {
            "tests": 2,
            "passed": 2,
            "failed": 0,
            "skipped": 0,
            "pending": 0,
            "other": 0,
            "start": 1781553383.0440068,
            "stop": 1781553384.4510274
        },
        "tests": [
            {
                "name": "test_outputs.py::test_modernized_code_runs",
                "status": "passed",
                "duration": 1.3894893992692232,
                "start": 1781553383.060443,
                "stop": 1781553384.4501994,
                "retries": 0,
                "file_path": "test_outputs.py"
            },
            {
                "name": "test_outputs.py::test_dependency_file_exists",
                "status": "passed",
                "duration": 0.00034664012491703033,
                "start": 1781553384.4504397,
                "stop": 1781553384.450894,
                "retries": 0,
                "file_path": "test_outputs.py"
            }
        ]
    }
}