{
    "results": {
        "tool": {
            "name": "pytest",
            "version": "8.4.1"
        },
        "summary": {
            "tests": 2,
            "passed": 2,
            "failed": 0,
            "skipped": 0,
            "pending": 0,
            "other": 0,
            "start": 1781203792.9388025,
            "stop": 1781203792.992371
        },
        "tests": [
            {
                "name": "test_outputs.py::test_about_file",
                "status": "passed",
                "duration": 0.0005000382661819458,
                "start": 1781203792.9909713,
                "stop": 1781203792.9916341,
                "retries": 0,
                "file_path": "test_outputs.py"
            },
            {
                "name": "test_outputs.py::test_layout_file",
                "status": "passed",
                "duration": 0.0003907717764377594,
                "start": 1781203792.9917638,
                "stop": 1781203792.9922645,
                "retries": 0,
                "file_path": "test_outputs.py"
            }
        ]
    }
}