{
    "results": {
        "tool": {
            "name": "pytest",
            "version": "8.4.1"
        },
        "summary": {
            "tests": 2,
            "passed": 2,
            "failed": 0,
            "skipped": 0,
            "pending": 0,
            "other": 0,
            "start": 1781755762.8822188,
            "stop": 1781755762.9544911
        },
        "tests": [
            {
                "name": "test_outputs.py::test_about_file",
                "status": "passed",
                "duration": 0.0005846545100212097,
                "start": 1781755762.952879,
                "stop": 1781755762.9536507,
                "retries": 0,
                "file_path": "test_outputs.py"
            },
            {
                "name": "test_outputs.py::test_layout_file",
                "status": "passed",
                "duration": 0.00047380849719047546,
                "start": 1781755762.953795,
                "stop": 1781755762.954374,
                "retries": 0,
                "file_path": "test_outputs.py"
            }
        ]
    }
}