{
    "results": {
        "tool": {
            "name": "pytest",
            "version": "8.4.1"
        },
        "summary": {
            "tests": 1,
            "passed": 1,
            "failed": 0,
            "skipped": 0,
            "pending": 0,
            "other": 0,
            "start": 1781244421.7744894,
            "stop": 1781244421.8253815
        },
        "tests": [
            {
                "name": "test_outputs.py::test_json_data",
                "status": "passed",
                "duration": 0.0004108510911464691,
                "start": 1781244421.8246791,
                "stop": 1781244421.8252506,
                "retries": 0,
                "file_path": "test_outputs.py"
            }
        ]
    }
}