{
    "results": {
        "tool": {
            "name": "pytest",
            "version": "8.4.1"
        },
        "summary": {
            "tests": 2,
            "passed": 2,
            "failed": 0,
            "skipped": 0,
            "pending": 0,
            "other": 0,
            "start": 1781207265.999992,
            "stop": 1781207266.0459929
        },
        "tests": [
            {
                "name": "test_outputs.py::test_recovery_file_exists",
                "status": "passed",
                "duration": 0.00038750842213630676,
                "start": 1781207266.0447202,
                "stop": 1781207266.0453017,
                "retries": 0,
                "file_path": "test_outputs.py"
            },
            {
                "name": "test_outputs.py::test_password_match",
                "status": "passed",
                "duration": 0.0003206320106983185,
                "start": 1781207266.0454512,
                "stop": 1781207266.0458722,
                "retries": 0,
                "file_path": "test_outputs.py"
            }
        ]
    }
}