{
    "results": {
        "tool": {
            "name": "pytest",
            "version": "8.4.1"
        },
        "summary": {
            "tests": 2,
            "passed": 2,
            "failed": 0,
            "skipped": 0,
            "pending": 0,
            "other": 0,
            "start": 1781222039.3520486,
            "stop": 1781222040.7652354
        },
        "tests": [
            {
                "name": "test_outputs.py::test_modernized_code_runs",
                "status": "passed",
                "duration": 1.3934845700860023,
                "start": 1781222039.3706412,
                "stop": 1781222040.7644293,
                "retries": 0,
                "file_path": "test_outputs.py"
            },
            {
                "name": "test_outputs.py::test_dependency_file_exists",
                "status": "passed",
                "duration": 0.0003325119614601135,
                "start": 1781222040.7646508,
                "stop": 1781222040.7650898,
                "retries": 0,
                "file_path": "test_outputs.py"
            }
        ]
    }
}