{
    "results": {
        "tool": {
            "name": "pytest",
            "version": "8.4.1"
        },
        "summary": {
            "tests": 2,
            "passed": 2,
            "failed": 0,
            "skipped": 0,
            "pending": 0,
            "other": 0,
            "start": 1780711186.1960695,
            "stop": 1780711186.2598822
        },
        "tests": [
            {
                "name": "test_outputs.py::test_summary_file_exists",
                "status": "passed",
                "duration": 0.0005152970552444458,
                "start": 1780711186.2582433,
                "stop": 1780711186.2590094,
                "retries": 0,
                "file_path": "test_outputs.py"
            },
            {
                "name": "test_outputs.py::test_summary_structure_and_counts",
                "status": "passed",
                "duration": 0.0004118606448173523,
                "start": 1780711186.259187,
                "stop": 1780711186.2597282,
                "retries": 0,
                "file_path": "test_outputs.py"
            }
        ]
    }
}