{
    "results": {
        "tool": {
            "name": "pytest",
            "version": "8.4.1"
        },
        "summary": {
            "tests": 2,
            "passed": 2,
            "failed": 0,
            "skipped": 0,
            "pending": 0,
            "other": 0,
            "start": 1781776162.5845706,
            "stop": 1781776162.596682
        },
        "tests": [
            {
                "name": "test_outputs.py::test_output_file_exists",
                "status": "passed",
                "duration": 0.000334261916577816,
                "start": 1781776162.5955842,
                "stop": 1781776162.596073,
                "retries": 0,
                "file_path": "test_outputs.py"
            },
            {
                "name": "test_outputs.py::test_output_is_correct",
                "status": "passed",
                "duration": 0.00029010185971856117,
                "start": 1781776162.5962026,
                "stop": 1781776162.59658,
                "retries": 0,
                "file_path": "test_outputs.py"
            }
        ]
    }
}