{
    "results": {
        "tool": {
            "name": "pytest",
            "version": "8.4.1"
        },
        "summary": {
            "tests": 2,
            "passed": 2,
            "failed": 0,
            "skipped": 0,
            "pending": 0,
            "other": 0,
            "start": 1781546277.7329705,
            "stop": 1781546279.1300006
        },
        "tests": [
            {
                "name": "test_outputs.py::test_modernized_code_runs",
                "status": "passed",
                "duration": 1.376196376979351,
                "start": 1781546277.7526405,
                "stop": 1781546279.1292326,
                "retries": 0,
                "file_path": "test_outputs.py"
            },
            {
                "name": "test_outputs.py::test_dependency_file_exists",
                "status": "passed",
                "duration": 0.00031536631286144257,
                "start": 1781546279.1294615,
                "stop": 1781546279.1298761,
                "retries": 0,
                "file_path": "test_outputs.py"
            }
        ]
    }
}