{
    "results": {
        "tool": {
            "name": "pytest",
            "version": "8.4.1"
        },
        "summary": {
            "tests": 2,
            "passed": 2,
            "failed": 0,
            "skipped": 0,
            "pending": 0,
            "other": 0,
            "start": 1781764266.852655,
            "stop": 1781764266.9099486
        },
        "tests": [
            {
                "name": "test_outputs.py::test_recovery_file_exists",
                "status": "passed",
                "duration": 0.00040012039244174957,
                "start": 1781764266.9086468,
                "stop": 1781764266.909236,
                "retries": 0,
                "file_path": "test_outputs.py"
            },
            {
                "name": "test_outputs.py::test_password_match",
                "status": "passed",
                "duration": 0.0003455914556980133,
                "start": 1781764266.909377,
                "stop": 1781764266.9098291,
                "retries": 0,
                "file_path": "test_outputs.py"
            }
        ]
    }
}