{
    "results": {
        "tool": {
            "name": "pytest",
            "version": "8.4.1"
        },
        "summary": {
            "tests": 2,
            "passed": 2,
            "failed": 0,
            "skipped": 0,
            "pending": 0,
            "other": 0,
            "start": 1780719830.27291,
            "stop": 1780719830.3322113
        },
        "tests": [
            {
                "name": "test_outputs.py::test_about_file",
                "status": "passed",
                "duration": 0.0005269069224596024,
                "start": 1780719830.3306885,
                "stop": 1780719830.3313973,
                "retries": 0,
                "file_path": "test_outputs.py"
            },
            {
                "name": "test_outputs.py::test_layout_file",
                "status": "passed",
                "duration": 0.0004498567432165146,
                "start": 1780719830.331529,
                "stop": 1780719830.3320837,
                "retries": 0,
                "file_path": "test_outputs.py"
            }
        ]
    }
}