{
    "results": {
        "tool": {
            "name": "pytest",
            "version": "8.4.1"
        },
        "summary": {
            "tests": 2,
            "passed": 2,
            "failed": 0,
            "skipped": 0,
            "pending": 0,
            "other": 0,
            "start": 1781032123.8149252,
            "stop": 1781032123.8727558
        },
        "tests": [
            {
                "name": "test_outputs.py::test_summary_file_exists",
                "status": "passed",
                "duration": 0.00034217163920402527,
                "start": 1781032123.8716328,
                "stop": 1781032123.8721433,
                "retries": 0,
                "file_path": "test_outputs.py"
            },
            {
                "name": "test_outputs.py::test_summary_structure_and_counts",
                "status": "passed",
                "duration": 0.00028859078884124756,
                "start": 1781032123.8722727,
                "stop": 1781032123.872649,
                "retries": 0,
                "file_path": "test_outputs.py"
            }
        ]
    }
}