{
    "results": {
        "tool": {
            "name": "pytest",
            "version": "8.4.1"
        },
        "summary": {
            "tests": 2,
            "passed": 2,
            "failed": 0,
            "skipped": 0,
            "pending": 0,
            "other": 0,
            "start": 1781755304.595315,
            "stop": 1781755304.6524966
        },
        "tests": [
            {
                "name": "test_outputs.py::test_recovery_file_exists",
                "status": "passed",
                "duration": 0.00031710416078567505,
                "start": 1781755304.6514862,
                "stop": 1781755304.6519444,
                "retries": 0,
                "file_path": "test_outputs.py"
            },
            {
                "name": "test_outputs.py::test_password_match",
                "status": "passed",
                "duration": 0.00026146508753299713,
                "start": 1781755304.6520536,
                "stop": 1781755304.6523948,
                "retries": 0,
                "file_path": "test_outputs.py"
            }
        ]
    }
}