{
    "results": {
        "tool": {
            "name": "pytest",
            "version": "8.4.1"
        },
        "summary": {
            "tests": 2,
            "passed": 2,
            "failed": 0,
            "skipped": 0,
            "pending": 0,
            "other": 0,
            "start": 1781039688.9343965,
            "stop": 1781039688.9870613
        },
        "tests": [
            {
                "name": "test_outputs.py::test_summary_file_exists",
                "status": "passed",
                "duration": 0.0003526657819747925,
                "start": 1781039688.9858854,
                "stop": 1781039688.986405,
                "retries": 0,
                "file_path": "test_outputs.py"
            },
            {
                "name": "test_outputs.py::test_summary_structure_and_counts",
                "status": "passed",
                "duration": 0.0003042072057723999,
                "start": 1781039688.9865415,
                "stop": 1781039688.9869378,
                "retries": 0,
                "file_path": "test_outputs.py"
            }
        ]
    }
}