{
    "results": {
        "tool": {
            "name": "pytest",
            "version": "8.4.1"
        },
        "summary": {
            "tests": 2,
            "passed": 2,
            "failed": 0,
            "skipped": 0,
            "pending": 0,
            "other": 0,
            "start": 1781769942.1208634,
            "stop": 1781769942.2195144
        },
        "tests": [
            {
                "name": "test_outputs.py::test_about_file",
                "status": "passed",
                "duration": 0.0010977910000065094,
                "start": 1781769942.2167792,
                "stop": 1781769942.2181141,
                "retries": 0,
                "file_path": "test_outputs.py"
            },
            {
                "name": "test_outputs.py::test_layout_file",
                "status": "passed",
                "duration": 0.0009110809999839375,
                "start": 1781769942.2182674,
                "stop": 1781769942.2193053,
                "retries": 0,
                "file_path": "test_outputs.py"
            }
        ]
    }
}