{
    "results": {
        "tool": {
            "name": "pytest",
            "version": "8.4.1"
        },
        "summary": {
            "tests": 2,
            "passed": 2,
            "failed": 0,
            "skipped": 0,
            "pending": 0,
            "other": 0,
            "start": 1781242070.686817,
            "stop": 1781242073.3086011
        },
        "tests": [
            {
                "name": "test_outputs.py::test_accuracy",
                "status": "passed",
                "duration": 0.9267805516719818,
                "start": 1781242072.3808072,
                "stop": 1781242073.3078625,
                "retries": 0,
                "file_path": "test_outputs.py"
            },
            {
                "name": "test_outputs.py::test_model_size",
                "status": "passed",
                "duration": 0.0003031771630048752,
                "start": 1781242073.3080645,
                "stop": 1781242073.3084645,
                "retries": 0,
                "file_path": "test_outputs.py"
            }
        ]
    }
}