{
    "results": {
        "tool": {
            "name": "pytest",
            "version": "8.4.1"
        },
        "summary": {
            "tests": 2,
            "passed": 2,
            "failed": 0,
            "skipped": 0,
            "pending": 0,
            "other": 0,
            "start": 1781763832.6955698,
            "stop": 1781763832.7493706
        },
        "tests": [
            {
                "name": "test_outputs.py::test_summary_file_exists",
                "status": "passed",
                "duration": 0.00032683461904525757,
                "start": 1781763832.748318,
                "stop": 1781763832.7487974,
                "retries": 0,
                "file_path": "test_outputs.py"
            },
            {
                "name": "test_outputs.py::test_summary_structure_and_counts",
                "status": "passed",
                "duration": 0.0002706330269575119,
                "start": 1781763832.7489178,
                "stop": 1781763832.7492712,
                "retries": 0,
                "file_path": "test_outputs.py"
            }
        ]
    }
}