{
    "results": {
        "tool": {
            "name": "pytest",
            "version": "8.4.1"
        },
        "summary": {
            "tests": 2,
            "passed": 2,
            "failed": 0,
            "skipped": 0,
            "pending": 0,
            "other": 0,
            "start": 1781036068.0071244,
            "stop": 1781036069.267976
        },
        "tests": [
            {
                "name": "test_outputs.py::test_modernized_code_runs",
                "status": "passed",
                "duration": 1.243991270661354,
                "start": 1781036068.0228329,
                "stop": 1781036069.2671552,
                "retries": 0,
                "file_path": "test_outputs.py"
            },
            {
                "name": "test_outputs.py::test_dependency_file_exists",
                "status": "passed",
                "duration": 0.00030180439352989197,
                "start": 1781036069.2674572,
                "stop": 1781036069.2678554,
                "retries": 0,
                "file_path": "test_outputs.py"
            }
        ]
    }
}