{
    "results": {
        "tool": {
            "name": "pytest",
            "version": "8.4.1"
        },
        "summary": {
            "tests": 2,
            "passed": 2,
            "failed": 0,
            "skipped": 0,
            "pending": 0,
            "other": 0,
            "start": 1781759460.0974352,
            "stop": 1781759461.3815565
        },
        "tests": [
            {
                "name": "test_outputs.py::test_modernized_code_runs",
                "status": "passed",
                "duration": 1.265588954091072,
                "start": 1781759460.1149797,
                "stop": 1781759461.3808298,
                "retries": 0,
                "file_path": "test_outputs.py"
            },
            {
                "name": "test_outputs.py::test_dependency_file_exists",
                "status": "passed",
                "duration": 0.00029677897691726685,
                "start": 1781759461.3810322,
                "stop": 1781759461.3814318,
                "retries": 0,
                "file_path": "test_outputs.py"
            }
        ]
    }
}