{
    "results": {
        "tool": {
            "name": "pytest",
            "version": "8.4.1"
        },
        "summary": {
            "tests": 1,
            "passed": 1,
            "failed": 0,
            "skipped": 0,
            "pending": 0,
            "other": 0,
            "start": 1781220700.9096892,
            "stop": 1781220700.9583793
        },
        "tests": [
            {
                "name": "test_outputs.py::test_json_data",
                "status": "passed",
                "duration": 0.0003652609884738922,
                "start": 1781220700.9577463,
                "stop": 1781220700.9582696,
                "retries": 0,
                "file_path": "test_outputs.py"
            }
        ]
    }
}