{
    "results": {
        "tool": {
            "name": "pytest",
            "version": "8.4.1"
        },
        "summary": {
            "tests": 2,
            "passed": 2,
            "failed": 0,
            "skipped": 0,
            "pending": 0,
            "other": 0,
            "start": 1781544181.6251316,
            "stop": 1781544181.6829069
        },
        "tests": [
            {
                "name": "test_outputs.py::test_about_file",
                "status": "passed",
                "duration": 0.000427379971370101,
                "start": 1781544181.6816576,
                "stop": 1781544181.6822577,
                "retries": 0,
                "file_path": "test_outputs.py"
            },
            {
                "name": "test_outputs.py::test_layout_file",
                "status": "passed",
                "duration": 0.00030939991120249033,
                "start": 1781544181.6823967,
                "stop": 1781544181.6827981,
                "retries": 0,
                "file_path": "test_outputs.py"
            }
        ]
    }
}