{
    "results": {
        "tool": {
            "name": "pytest",
            "version": "8.4.1"
        },
        "summary": {
            "tests": 2,
            "passed": 2,
            "failed": 0,
            "skipped": 0,
            "pending": 0,
            "other": 0,
            "start": 1781760395.46529,
            "stop": 1781760395.5244753
        },
        "tests": [
            {
                "name": "test_outputs.py::test_about_file",
                "status": "passed",
                "duration": 0.000489184632897377,
                "start": 1781760395.5230691,
                "stop": 1781760395.523725,
                "retries": 0,
                "file_path": "test_outputs.py"
            },
            {
                "name": "test_outputs.py::test_layout_file",
                "status": "passed",
                "duration": 0.0004150625318288803,
                "start": 1781760395.5238578,
                "stop": 1781760395.5243654,
                "retries": 0,
                "file_path": "test_outputs.py"
            }
        ]
    }
}