{
    "results": {
        "tool": {
            "name": "pytest",
            "version": "8.4.1"
        },
        "summary": {
            "tests": 2,
            "passed": 2,
            "failed": 0,
            "skipped": 0,
            "pending": 0,
            "other": 0,
            "start": 1780714157.2110014,
            "stop": 1780714157.272738
        },
        "tests": [
            {
                "name": "test_outputs.py::test_summary_file_exists",
                "status": "passed",
                "duration": 0.0003647543489933014,
                "start": 1780714157.2715282,
                "stop": 1780714157.2720616,
                "retries": 0,
                "file_path": "test_outputs.py"
            },
            {
                "name": "test_outputs.py::test_summary_structure_and_counts",
                "status": "passed",
                "duration": 0.00030339881777763367,
                "start": 1780714157.272197,
                "stop": 1780714157.2725925,
                "retries": 0,
                "file_path": "test_outputs.py"
            }
        ]
    }
}