{
    "results": {
        "tool": {
            "name": "pytest",
            "version": "8.4.1"
        },
        "summary": {
            "tests": 2,
            "passed": 2,
            "failed": 0,
            "skipped": 0,
            "pending": 0,
            "other": 0,
            "start": 1781554104.5507815,
            "stop": 1781554104.616476
        },
        "tests": [
            {
                "name": "test_outputs.py::test_about_file",
                "status": "passed",
                "duration": 0.0005983449518680573,
                "start": 1781554104.6148798,
                "stop": 1781554104.6156664,
                "retries": 0,
                "file_path": "test_outputs.py"
            },
            {
                "name": "test_outputs.py::test_layout_file",
                "status": "passed",
                "duration": 0.00045070424675941467,
                "start": 1781554104.6158092,
                "stop": 1781554104.6163611,
                "retries": 0,
                "file_path": "test_outputs.py"
            }
        ]
    }
}