{
    "results": {
        "tool": {
            "name": "pytest",
            "version": "8.4.1"
        },
        "summary": {
            "tests": 2,
            "passed": 2,
            "failed": 0,
            "skipped": 0,
            "pending": 0,
            "other": 0,
            "start": 1781121290.8055654,
            "stop": 1781121290.8541074
        },
        "tests": [
            {
                "name": "test_outputs.py::test_result_exists",
                "status": "passed",
                "duration": 0.0004046596586704254,
                "start": 1781121290.8514454,
                "stop": 1781121290.8520343,
                "retries": 0,
                "file_path": "test_outputs.py"
            },
            {
                "name": "test_outputs.py::test_data_matches",
                "status": "passed",
                "duration": 0.0015195347368717194,
                "start": 1781121290.8521678,
                "stop": 1781121290.853904,
                "retries": 0,
                "file_path": "test_outputs.py"
            }
        ]
    }
}