{
    "results": {
        "tool": {
            "name": "pytest",
            "version": "8.4.1"
        },
        "summary": {
            "tests": 2,
            "passed": 2,
            "failed": 0,
            "skipped": 0,
            "pending": 0,
            "other": 0,
            "start": 1780707441.9354022,
            "stop": 1780707441.9856749
        },
        "tests": [
            {
                "name": "test_outputs.py::test_summary_file_exists",
                "status": "passed",
                "duration": 0.00031204894185066223,
                "start": 1780707441.9846277,
                "stop": 1780707441.9850974,
                "retries": 0,
                "file_path": "test_outputs.py"
            },
            {
                "name": "test_outputs.py::test_summary_structure_and_counts",
                "status": "passed",
                "duration": 0.0002706088125705719,
                "start": 1780707441.9852214,
                "stop": 1780707441.9855764,
                "retries": 0,
                "file_path": "test_outputs.py"
            }
        ]
    }
}