{
    "results": {
        "tool": {
            "name": "pytest",
            "version": "8.4.1"
        },
        "summary": {
            "tests": 2,
            "passed": 2,
            "failed": 0,
            "skipped": 0,
            "pending": 0,
            "other": 0,
            "start": 1781121408.8857307,
            "stop": 1781121408.9630542
        },
        "tests": [
            {
                "name": "test_outputs.py::test_about_file",
                "status": "passed",
                "duration": 0.0006001126021146774,
                "start": 1781121408.961408,
                "stop": 1781121408.9621868,
                "retries": 0,
                "file_path": "test_outputs.py"
            },
            {
                "name": "test_outputs.py::test_layout_file",
                "status": "passed",
                "duration": 0.0004861317574977875,
                "start": 1781121408.9623344,
                "stop": 1781121408.962936,
                "retries": 0,
                "file_path": "test_outputs.py"
            }
        ]
    }
}