{
    "results": {
        "tool": {
            "name": "pytest",
            "version": "8.4.1"
        },
        "summary": {
            "tests": 2,
            "passed": 2,
            "failed": 0,
            "skipped": 0,
            "pending": 0,
            "other": 0,
            "start": 1781028346.3746588,
            "stop": 1781028347.6708395
        },
        "tests": [
            {
                "name": "test_outputs.py::test_modernized_code_runs",
                "status": "passed",
                "duration": 1.2758332937955856,
                "start": 1781028346.393999,
                "stop": 1781028347.6700962,
                "retries": 0,
                "file_path": "test_outputs.py"
            },
            {
                "name": "test_outputs.py::test_dependency_file_exists",
                "status": "passed",
                "duration": 0.00030782632529735565,
                "start": 1781028347.6703162,
                "stop": 1781028347.6707206,
                "retries": 0,
                "file_path": "test_outputs.py"
            }
        ]
    }
}