{
    "results": {
        "tool": {
            "name": "pytest",
            "version": "8.4.1"
        },
        "summary": {
            "tests": 2,
            "passed": 2,
            "failed": 0,
            "skipped": 0,
            "pending": 0,
            "other": 0,
            "start": 1781771454.409331,
            "stop": 1781771454.4230964
        },
        "tests": [
            {
                "name": "test_outputs.py::test_output_file_exists",
                "status": "passed",
                "duration": 0.0003256462514400482,
                "start": 1781771454.422039,
                "stop": 1781771454.4225159,
                "retries": 0,
                "file_path": "test_outputs.py"
            },
            {
                "name": "test_outputs.py::test_output_is_correct",
                "status": "passed",
                "duration": 0.0002712421119213104,
                "start": 1781771454.42264,
                "stop": 1781771454.4229972,
                "retries": 0,
                "file_path": "test_outputs.py"
            }
        ]
    }
}