{
    "results": {
        "tool": {
            "name": "pytest",
            "version": "8.4.1"
        },
        "summary": {
            "tests": 2,
            "passed": 2,
            "failed": 0,
            "skipped": 0,
            "pending": 0,
            "other": 0,
            "start": 1780711319.8624358,
            "stop": 1780711322.2970796
        },
        "tests": [
            {
                "name": "test_outputs.py::test_modernized_code_runs",
                "status": "passed",
                "duration": 2.413795778527856,
                "start": 1780711319.8821588,
                "stop": 1780711322.2962856,
                "retries": 0,
                "file_path": "test_outputs.py"
            },
            {
                "name": "test_outputs.py::test_dependency_file_exists",
                "status": "passed",
                "duration": 0.00033517368137836456,
                "start": 1780711322.2965136,
                "stop": 1780711322.2969522,
                "retries": 0,
                "file_path": "test_outputs.py"
            }
        ]
    }
}