{
    "results": {
        "tool": {
            "name": "pytest",
            "version": "8.4.1"
        },
        "summary": {
            "tests": 2,
            "passed": 2,
            "failed": 0,
            "skipped": 0,
            "pending": 0,
            "other": 0,
            "start": 1781243567.1336486,
            "stop": 1781243567.1526604
        },
        "tests": [
            {
                "name": "test_outputs.py::test_output_file_exists",
                "status": "passed",
                "duration": 0.0004564821720123291,
                "start": 1781243567.15123,
                "stop": 1781243567.1518874,
                "retries": 0,
                "file_path": "test_outputs.py"
            },
            {
                "name": "test_outputs.py::test_output_is_correct",
                "status": "passed",
                "duration": 0.00035014376044273376,
                "start": 1781243567.1520674,
                "stop": 1781243567.1525297,
                "retries": 0,
                "file_path": "test_outputs.py"
            }
        ]
    }
}