{
    "results": {
        "tool": {
            "name": "pytest",
            "version": "8.4.1"
        },
        "summary": {
            "tests": 1,
            "passed": 1,
            "failed": 0,
            "skipped": 0,
            "pending": 0,
            "other": 0,
            "start": 1781778543.6943028,
            "stop": 1781778543.7396271
        },
        "tests": [
            {
                "name": "test_outputs.py::test_tests_output",
                "status": "passed",
                "duration": 0.0003802292048931122,
                "start": 1781778543.7389832,
                "stop": 1781778543.7395086,
                "retries": 0,
                "file_path": "test_outputs.py"
            }
        ]
    }
}