{
    "results": {
        "tool": {
            "name": "pytest",
            "version": "8.4.1"
        },
        "summary": {
            "tests": 2,
            "passed": 2,
            "failed": 0,
            "skipped": 0,
            "pending": 0,
            "other": 0,
            "start": 1781546485.2499363,
            "stop": 1781546485.3037837
        },
        "tests": [
            {
                "name": "test_outputs.py::test_summary_file_exists",
                "status": "passed",
                "duration": 0.0003259405493736267,
                "start": 1781546485.302672,
                "stop": 1781546485.3031547,
                "retries": 0,
                "file_path": "test_outputs.py"
            },
            {
                "name": "test_outputs.py::test_summary_structure_and_counts",
                "status": "passed",
                "duration": 0.0002916865050792694,
                "start": 1781546485.3032963,
                "stop": 1781546485.303679,
                "retries": 0,
                "file_path": "test_outputs.py"
            }
        ]
    }
}