{
    "results": {
        "tool": {
            "name": "pytest",
            "version": "8.4.1"
        },
        "summary": {
            "tests": 2,
            "passed": 2,
            "failed": 0,
            "skipped": 0,
            "pending": 0,
            "other": 0,
            "start": 1781043194.7784674,
            "stop": 1781043194.835511
        },
        "tests": [
            {
                "name": "test_outputs.py::test_about_file",
                "status": "passed",
                "duration": 0.0006459802389144897,
                "start": 1781043194.8338892,
                "stop": 1781043194.83472,
                "retries": 0,
                "file_path": "test_outputs.py"
            },
            {
                "name": "test_outputs.py::test_layout_file",
                "status": "passed",
                "duration": 0.00040630996227264404,
                "start": 1781043194.8348546,
                "stop": 1781043194.8353517,
                "retries": 0,
                "file_path": "test_outputs.py"
            }
        ]
    }
}