{
    "results": {
        "tool": {
            "name": "pytest",
            "version": "8.4.1"
        },
        "summary": {
            "tests": 2,
            "passed": 2,
            "failed": 0,
            "skipped": 0,
            "pending": 0,
            "other": 0,
            "start": 1781769160.0341842,
            "stop": 1781769160.0833468
        },
        "tests": [
            {
                "name": "test_outputs.py::test_recovery_file_exists",
                "status": "passed",
                "duration": 0.0003278180956840515,
                "start": 1781769160.0822105,
                "stop": 1781769160.0826862,
                "retries": 0,
                "file_path": "test_outputs.py"
            },
            {
                "name": "test_outputs.py::test_password_match",
                "status": "passed",
                "duration": 0.00031450390815734863,
                "start": 1781769160.0828247,
                "stop": 1781769160.0832376,
                "retries": 0,
                "file_path": "test_outputs.py"
            }
        ]
    }
}