{
    "results": {
        "tool": {
            "name": "pytest",
            "version": "8.4.1"
        },
        "summary": {
            "tests": 1,
            "passed": 1,
            "failed": 0,
            "skipped": 0,
            "pending": 0,
            "other": 0,
            "start": 1781278237.9478168,
            "stop": 1781278239.2368457
        },
        "tests": [
            {
                "name": "test_outputs.py::test_api",
                "status": "passed",
                "duration": 1.2746805492788553,
                "start": 1781278237.961728,
                "stop": 1781278239.2366786,
                "retries": 0,
                "file_path": "test_outputs.py"
            }
        ]
    }
}