{
    "results": {
        "tool": {
            "name": "pytest",
            "version": "8.4.1"
        },
        "summary": {
            "tests": 2,
            "passed": 2,
            "failed": 0,
            "skipped": 0,
            "pending": 0,
            "other": 0,
            "start": 1781042564.9392285,
            "stop": 1781042564.9925914
        },
        "tests": [
            {
                "name": "test_outputs.py::test_summary_file_exists",
                "status": "passed",
                "duration": 0.00034896284341812134,
                "start": 1781042564.9914646,
                "stop": 1781042564.9919794,
                "retries": 0,
                "file_path": "test_outputs.py"
            },
            {
                "name": "test_outputs.py::test_summary_structure_and_counts",
                "status": "passed",
                "duration": 0.00028521008789539337,
                "start": 1781042564.9921105,
                "stop": 1781042564.9924853,
                "retries": 0,
                "file_path": "test_outputs.py"
            }
        ]
    }
}