{
    "results": {
        "tool": {
            "name": "pytest",
            "version": "8.4.1"
        },
        "summary": {
            "tests": 2,
            "passed": 2,
            "failed": 0,
            "skipped": 0,
            "pending": 0,
            "other": 0,
            "start": 1781219557.3206565,
            "stop": 1781219557.3330355
        },
        "tests": [
            {
                "name": "test_outputs.py::test_output_file_exists",
                "status": "passed",
                "duration": 0.00032626092433929443,
                "start": 1781219557.3319304,
                "stop": 1781219557.3324099,
                "retries": 0,
                "file_path": "test_outputs.py"
            },
            {
                "name": "test_outputs.py::test_output_is_correct",
                "status": "passed",
                "duration": 0.0002996213734149933,
                "start": 1781219557.3325396,
                "stop": 1781219557.332933,
                "retries": 0,
                "file_path": "test_outputs.py"
            }
        ]
    }
}