{
    "results": {
        "tool": {
            "name": "pytest",
            "version": "8.4.1"
        },
        "summary": {
            "tests": 2,
            "passed": 2,
            "failed": 0,
            "skipped": 0,
            "pending": 0,
            "other": 0,
            "start": 1781795843.6050863,
            "stop": 1781795843.6547313
        },
        "tests": [
            {
                "name": "test_outputs.py::test_solution_file",
                "status": "passed",
                "duration": 0.00032372958958148956,
                "start": 1781795843.653687,
                "stop": 1781795843.6541657,
                "retries": 0,
                "file_path": "test_outputs.py"
            },
            {
                "name": "test_outputs.py::test_solution_content",
                "status": "passed",
                "duration": 0.00026844069361686707,
                "start": 1781795843.6542816,
                "stop": 1781795843.654634,
                "retries": 0,
                "file_path": "test_outputs.py"
            }
        ]
    }
}