{
    "results": {
        "tool": {
            "name": "pytest",
            "version": "8.4.1"
        },
        "summary": {
            "tests": 1,
            "passed": 1,
            "failed": 0,
            "skipped": 0,
            "pending": 0,
            "other": 0,
            "start": 1781216417.2304738,
            "stop": 1781216417.2837567
        },
        "tests": [
            {
                "name": "test_outputs.py::test_json_data",
                "status": "passed",
                "duration": 0.00040108710527420044,
                "start": 1781216417.2830853,
                "stop": 1781216417.2836409,
                "retries": 0,
                "file_path": "test_outputs.py"
            }
        ]
    }
}