{
    "results": {
        "tool": {
            "name": "pytest",
            "version": "8.4.1"
        },
        "summary": {
            "tests": 2,
            "passed": 2,
            "failed": 0,
            "skipped": 0,
            "pending": 0,
            "other": 0,
            "start": 1781766718.9179862,
            "stop": 1781766718.940398
        },
        "tests": [
            {
                "name": "test_outputs.py::test_output_file_exists",
                "status": "passed",
                "duration": 0.0008895399999744313,
                "start": 1781766718.937802,
                "stop": 1781766718.9389102,
                "retries": 0,
                "file_path": "test_outputs.py"
            },
            {
                "name": "test_outputs.py::test_output_is_correct",
                "status": "passed",
                "duration": 0.0009947429999783708,
                "start": 1781766718.9390566,
                "stop": 1781766718.9402046,
                "retries": 0,
                "file_path": "test_outputs.py"
            }
        ]
    }
}