{
    "results": {
        "tool": {
            "name": "pytest",
            "version": "8.4.1"
        },
        "summary": {
            "tests": 2,
            "passed": 2,
            "failed": 0,
            "skipped": 0,
            "pending": 0,
            "other": 0,
            "start": 1781223136.699479,
            "stop": 1781223136.7669158
        },
        "tests": [
            {
                "name": "test_outputs.py::test_about_file",
                "status": "passed",
                "duration": 0.0005674324929714203,
                "start": 1781223136.7652988,
                "stop": 1781223136.7660625,
                "retries": 0,
                "file_path": "test_outputs.py"
            },
            {
                "name": "test_outputs.py::test_layout_file",
                "status": "passed",
                "duration": 0.00045860931277275085,
                "start": 1781223136.766211,
                "stop": 1781223136.7667706,
                "retries": 0,
                "file_path": "test_outputs.py"
            }
        ]
    }
}