{
    "results": {
        "tool": {
            "name": "pytest",
            "version": "8.4.1"
        },
        "summary": {
            "tests": 2,
            "passed": 2,
            "failed": 0,
            "skipped": 0,
            "pending": 0,
            "other": 0,
            "start": 1781205120.2618926,
            "stop": 1781205120.277333
        },
        "tests": [
            {
                "name": "test_outputs.py::test_output_file_exists",
                "status": "passed",
                "duration": 0.0003899112343788147,
                "start": 1781205120.2761228,
                "stop": 1781205120.2766898,
                "retries": 0,
                "file_path": "test_outputs.py"
            },
            {
                "name": "test_outputs.py::test_output_is_correct",
                "status": "passed",
                "duration": 0.00029773637652397156,
                "start": 1781205120.2768338,
                "stop": 1781205120.2772233,
                "retries": 0,
                "file_path": "test_outputs.py"
            }
        ]
    }
}