{
    "results": {
        "tool": {
            "name": "pytest",
            "version": "8.4.1"
        },
        "summary": {
            "tests": 2,
            "passed": 2,
            "failed": 0,
            "skipped": 0,
            "pending": 0,
            "other": 0,
            "start": 1781202516.8924565,
            "stop": 1781202516.945769
        },
        "tests": [
            {
                "name": "test_outputs.py::test_summary_file_exists",
                "status": "passed",
                "duration": 0.0003512538969516754,
                "start": 1781202516.9445968,
                "stop": 1781202516.9451244,
                "retries": 0,
                "file_path": "test_outputs.py"
            },
            {
                "name": "test_outputs.py::test_summary_structure_and_counts",
                "status": "passed",
                "duration": 0.0002986006438732147,
                "start": 1781202516.9452682,
                "stop": 1781202516.9456592,
                "retries": 0,
                "file_path": "test_outputs.py"
            }
        ]
    }
}