{
    "results": {
        "tool": {
            "name": "pytest",
            "version": "8.4.1"
        },
        "summary": {
            "tests": 2,
            "passed": 2,
            "failed": 0,
            "skipped": 0,
            "pending": 0,
            "other": 0,
            "start": 1781134948.0510201,
            "stop": 1781134949.5408034
        },
        "tests": [
            {
                "name": "test_outputs.py::test_modernized_code_runs",
                "status": "passed",
                "duration": 1.4680390302091837,
                "start": 1781134948.0714517,
                "stop": 1781134949.5398529,
                "retries": 0,
                "file_path": "test_outputs.py"
            },
            {
                "name": "test_outputs.py::test_dependency_file_exists",
                "status": "passed",
                "duration": 0.00035964883863925934,
                "start": 1781134949.5401325,
                "stop": 1781134949.5406084,
                "retries": 0,
                "file_path": "test_outputs.py"
            }
        ]
    }
}