{
    "results": {
        "tool": {
            "name": "pytest",
            "version": "8.4.1"
        },
        "summary": {
            "tests": 2,
            "passed": 2,
            "failed": 0,
            "skipped": 0,
            "pending": 0,
            "other": 0,
            "start": 1781754724.9223924,
            "stop": 1781754724.9797497
        },
        "tests": [
            {
                "name": "test_outputs.py::test_summary_file_exists",
                "status": "passed",
                "duration": 0.00034413859248161316,
                "start": 1781754724.9785993,
                "stop": 1781754724.9791057,
                "retries": 0,
                "file_path": "test_outputs.py"
            },
            {
                "name": "test_outputs.py::test_summary_structure_and_counts",
                "status": "passed",
                "duration": 0.00030842795968055725,
                "start": 1781754724.9792404,
                "stop": 1781754724.9796412,
                "retries": 0,
                "file_path": "test_outputs.py"
            }
        ]
    }
}