{
    "results": {
        "tool": {
            "name": "pytest",
            "version": "8.4.1"
        },
        "summary": {
            "tests": 2,
            "passed": 2,
            "failed": 0,
            "skipped": 0,
            "pending": 0,
            "other": 0,
            "start": 1781754685.5246177,
            "stop": 1781754686.8544192
        },
        "tests": [
            {
                "name": "test_outputs.py::test_modernized_code_runs",
                "status": "passed",
                "duration": 1.3125292537733912,
                "start": 1781754685.5408626,
                "stop": 1781754686.8536596,
                "retries": 0,
                "file_path": "test_outputs.py"
            },
            {
                "name": "test_outputs.py::test_dependency_file_exists",
                "status": "passed",
                "duration": 0.000327518442645669,
                "start": 1781754686.8538733,
                "stop": 1781754686.8542972,
                "retries": 0,
                "file_path": "test_outputs.py"
            }
        ]
    }
}