{
    "results": {
        "tool": {
            "name": "pytest",
            "version": "8.4.1"
        },
        "summary": {
            "tests": 2,
            "passed": 2,
            "failed": 0,
            "skipped": 0,
            "pending": 0,
            "other": 0,
            "start": 1781811171.3212702,
            "stop": 1781811171.3685803
        },
        "tests": [
            {
                "name": "test_outputs.py::test_solution_file",
                "status": "passed",
                "duration": 0.0003230227157473564,
                "start": 1781811171.3675606,
                "stop": 1781811171.3680427,
                "retries": 0,
                "file_path": "test_outputs.py"
            },
            {
                "name": "test_outputs.py::test_solution_content",
                "status": "passed",
                "duration": 0.000248913187533617,
                "start": 1781811171.3681576,
                "stop": 1781811171.3684857,
                "retries": 0,
                "file_path": "test_outputs.py"
            }
        ]
    }
}