{
    "results": {
        "tool": {
            "name": "pytest",
            "version": "8.4.1"
        },
        "summary": {
            "tests": 2,
            "passed": 2,
            "failed": 0,
            "skipped": 0,
            "pending": 0,
            "other": 0,
            "start": 1781169015.592496,
            "stop": 1781169016.8669553
        },
        "tests": [
            {
                "name": "test_outputs.py::test_modernized_code_runs",
                "status": "passed",
                "duration": 1.2571675684303045,
                "start": 1781169015.6087477,
                "stop": 1781169016.8661783,
                "retries": 0,
                "file_path": "test_outputs.py"
            },
            {
                "name": "test_outputs.py::test_dependency_file_exists",
                "status": "passed",
                "duration": 0.00031380727887153625,
                "start": 1781169016.8664086,
                "stop": 1781169016.8668203,
                "retries": 0,
                "file_path": "test_outputs.py"
            }
        ]
    }
}