{
    "results": {
        "tool": {
            "name": "pytest",
            "version": "8.4.1"
        },
        "summary": {
            "tests": 1,
            "passed": 1,
            "failed": 0,
            "skipped": 0,
            "pending": 0,
            "other": 0,
            "start": 1781768604.7753742,
            "stop": 1781768604.8164475
        },
        "tests": [
            {
                "name": "test_outputs.py::test_tests_output",
                "status": "passed",
                "duration": 0.0003136228770017624,
                "start": 1781768604.8158932,
                "stop": 1781768604.8163295,
                "retries": 0,
                "file_path": "test_outputs.py"
            }
        ]
    }
}