{
    "results": {
        "tool": {
            "name": "pytest",
            "version": "8.4.1"
        },
        "summary": {
            "tests": 2,
            "passed": 2,
            "failed": 0,
            "skipped": 0,
            "pending": 0,
            "other": 0,
            "start": 1781126777.6859825,
            "stop": 1781126777.7388258
        },
        "tests": [
            {
                "name": "test_outputs.py::test_summary_file_exists",
                "status": "passed",
                "duration": 0.00034467410296201706,
                "start": 1781126777.7376816,
                "stop": 1781126777.7381992,
                "retries": 0,
                "file_path": "test_outputs.py"
            },
            {
                "name": "test_outputs.py::test_summary_structure_and_counts",
                "status": "passed",
                "duration": 0.0002948432229459286,
                "start": 1781126777.7383337,
                "stop": 1781126777.7387183,
                "retries": 0,
                "file_path": "test_outputs.py"
            }
        ]
    }
}