{
    "results": {
        "tool": {
            "name": "pytest",
            "version": "8.4.1"
        },
        "summary": {
            "tests": 2,
            "passed": 2,
            "failed": 0,
            "skipped": 0,
            "pending": 0,
            "other": 0,
            "start": 1781028327.9969006,
            "stop": 1781028328.0574589
        },
        "tests": [
            {
                "name": "test_outputs.py::test_summary_file_exists",
                "status": "passed",
                "duration": 0.0003505237400531769,
                "start": 1781028328.0563073,
                "stop": 1781028328.0568256,
                "retries": 0,
                "file_path": "test_outputs.py"
            },
            {
                "name": "test_outputs.py::test_summary_structure_and_counts",
                "status": "passed",
                "duration": 0.00029242970049381256,
                "start": 1781028328.0569596,
                "stop": 1781028328.0573516,
                "retries": 0,
                "file_path": "test_outputs.py"
            }
        ]
    }
}