{
    "results": {
        "tool": {
            "name": "pytest",
            "version": "8.4.1"
        },
        "summary": {
            "tests": 2,
            "passed": 2,
            "failed": 0,
            "skipped": 0,
            "pending": 0,
            "other": 0,
            "start": 1781541150.9314082,
            "stop": 1781541152.2281208
        },
        "tests": [
            {
                "name": "test_outputs.py::test_modernized_code_runs",
                "status": "passed",
                "duration": 1.2799165435135365,
                "start": 1781541150.94709,
                "stop": 1781541152.2272801,
                "retries": 0,
                "file_path": "test_outputs.py"
            },
            {
                "name": "test_outputs.py::test_dependency_file_exists",
                "status": "passed",
                "duration": 0.00034399330615997314,
                "start": 1781541152.2275472,
                "stop": 1781541152.2279887,
                "retries": 0,
                "file_path": "test_outputs.py"
            }
        ]
    }
}