{
    "results": {
        "tool": {
            "name": "pytest",
            "version": "8.4.1"
        },
        "summary": {
            "tests": 1,
            "passed": 1,
            "failed": 0,
            "skipped": 0,
            "pending": 0,
            "other": 0,
            "start": 1781772749.5814707,
            "stop": 1781772749.6280084
        },
        "tests": [
            {
                "name": "test_outputs.py::test_json_data",
                "status": "passed",
                "duration": 0.00038208626210689545,
                "start": 1781772749.627371,
                "stop": 1781772749.6278932,
                "retries": 0,
                "file_path": "test_outputs.py"
            }
        ]
    }
}