{
    "results": {
        "tool": {
            "name": "pytest",
            "version": "8.4.1"
        },
        "summary": {
            "tests": 1,
            "passed": 1,
            "failed": 0,
            "skipped": 0,
            "pending": 0,
            "other": 0,
            "start": 1780767192.3788629,
            "stop": 1780767194.385332
        },
        "tests": [
            {
                "name": "test_outputs.py::test_api",
                "status": "passed",
                "duration": 1.9844459980000693,
                "start": 1780767192.4002955,
                "stop": 1780767194.3850558,
                "retries": 0,
                "file_path": "test_outputs.py"
            }
        ]
    }
}