{
    "results": {
        "tool": {
            "name": "pytest",
            "version": "8.4.1"
        },
        "summary": {
            "tests": 2,
            "passed": 2,
            "failed": 0,
            "skipped": 0,
            "pending": 0,
            "other": 0,
            "start": 1781755654.0344985,
            "stop": 1781755654.0829825
        },
        "tests": [
            {
                "name": "test_outputs.py::test_solution_file",
                "status": "passed",
                "duration": 0.0003113299608230591,
                "start": 1781755654.0819466,
                "stop": 1781755654.0824075,
                "retries": 0,
                "file_path": "test_outputs.py"
            },
            {
                "name": "test_outputs.py::test_solution_content",
                "status": "passed",
                "duration": 0.00025988370180130005,
                "start": 1781755654.0825255,
                "stop": 1781755654.0828848,
                "retries": 0,
                "file_path": "test_outputs.py"
            }
        ]
    }
}