{
    "results": {
        "tool": {
            "name": "pytest",
            "version": "8.4.1"
        },
        "summary": {
            "tests": 2,
            "passed": 2,
            "failed": 0,
            "skipped": 0,
            "pending": 0,
            "other": 0,
            "start": 1781758963.0049865,
            "stop": 1781758963.0729103
        },
        "tests": [
            {
                "name": "test_outputs.py::test_summary_file_exists",
                "status": "passed",
                "duration": 0.0004086308181285858,
                "start": 1781758963.0716362,
                "stop": 1781758963.072254,
                "retries": 0,
                "file_path": "test_outputs.py"
            },
            {
                "name": "test_outputs.py::test_summary_structure_and_counts",
                "status": "passed",
                "duration": 0.00031074509024620056,
                "start": 1781758963.072392,
                "stop": 1781758963.0727973,
                "retries": 0,
                "file_path": "test_outputs.py"
            }
        ]
    }
}