{
    "results": {
        "tool": {
            "name": "pytest",
            "version": "8.4.1"
        },
        "summary": {
            "tests": 1,
            "passed": 1,
            "failed": 0,
            "skipped": 0,
            "pending": 0,
            "other": 0,
            "start": 1781053701.9444606,
            "stop": 1781053703.1530626
        },
        "tests": [
            {
                "name": "test_outputs.py::test_api",
                "status": "passed",
                "duration": 1.1917562186717987,
                "start": 1781053701.9606729,
                "stop": 1781053703.1527746,
                "retries": 0,
                "file_path": "test_outputs.py"
            }
        ]
    }
}