{
    "results": {
        "tool": {
            "name": "pytest",
            "version": "8.4.1"
        },
        "summary": {
            "tests": 1,
            "passed": 1,
            "failed": 0,
            "skipped": 0,
            "pending": 0,
            "other": 0,
            "start": 1781759031.1161366,
            "stop": 1781759031.1617825
        },
        "tests": [
            {
                "name": "test_outputs.py::test_tests_output",
                "status": "passed",
                "duration": 0.00035972893238067627,
                "start": 1781759031.1611688,
                "stop": 1781759031.16167,
                "retries": 0,
                "file_path": "test_outputs.py"
            }
        ]
    }
}