{
    "results": {
        "tool": {
            "name": "pytest",
            "version": "8.4.1"
        },
        "summary": {
            "tests": 2,
            "passed": 2,
            "failed": 0,
            "skipped": 0,
            "pending": 0,
            "other": 0,
            "start": 1781549272.294438,
            "stop": 1781549272.350285
        },
        "tests": [
            {
                "name": "test_outputs.py::test_about_file",
                "status": "passed",
                "duration": 0.00040543824434280396,
                "start": 1781549272.3490384,
                "stop": 1781549272.3496184,
                "retries": 0,
                "file_path": "test_outputs.py"
            },
            {
                "name": "test_outputs.py::test_layout_file",
                "status": "passed",
                "duration": 0.00032427161931991577,
                "start": 1781549272.3497605,
                "stop": 1781549272.3501775,
                "retries": 0,
                "file_path": "test_outputs.py"
            }
        ]
    }
}