{
    "results": {
        "tool": {
            "name": "pytest",
            "version": "8.4.1"
        },
        "summary": {
            "tests": 2,
            "passed": 2,
            "failed": 0,
            "skipped": 0,
            "pending": 0,
            "other": 0,
            "start": 1781131795.1241388,
            "stop": 1781131796.5463395
        },
        "tests": [
            {
                "name": "test_outputs.py::test_modernized_code_runs",
                "status": "passed",
                "duration": 1.4019864797592163,
                "start": 1781131795.1433017,
                "stop": 1781131796.5455513,
                "retries": 0,
                "file_path": "test_outputs.py"
            },
            {
                "name": "test_outputs.py::test_dependency_file_exists",
                "status": "passed",
                "duration": 0.0003174804151058197,
                "start": 1781131796.545767,
                "stop": 1781131796.5462127,
                "retries": 0,
                "file_path": "test_outputs.py"
            }
        ]
    }
}