{
    "results": {
        "tool": {
            "name": "pytest",
            "version": "8.4.1"
        },
        "summary": {
            "tests": 2,
            "passed": 2,
            "failed": 0,
            "skipped": 0,
            "pending": 0,
            "other": 0,
            "start": 1781135605.8156755,
            "stop": 1781135607.3692355
        },
        "tests": [
            {
                "name": "test_outputs.py::test_modernized_code_runs",
                "status": "passed",
                "duration": 1.5358379147946835,
                "start": 1781135605.8322828,
                "stop": 1781135607.368444,
                "retries": 0,
                "file_path": "test_outputs.py"
            },
            {
                "name": "test_outputs.py::test_dependency_file_exists",
                "status": "passed",
                "duration": 0.00033279135823249817,
                "start": 1781135607.3686643,
                "stop": 1781135607.3691049,
                "retries": 0,
                "file_path": "test_outputs.py"
            }
        ]
    }
}