{
    "results": {
        "tool": {
            "name": "pytest",
            "version": "8.4.1"
        },
        "summary": {
            "tests": 2,
            "passed": 2,
            "failed": 0,
            "skipped": 0,
            "pending": 0,
            "other": 0,
            "start": 1780712124.1492805,
            "stop": 1780712124.2005954
        },
        "tests": [
            {
                "name": "test_outputs.py::test_about_file",
                "status": "passed",
                "duration": 0.00036697834730148315,
                "start": 1780712124.1994562,
                "stop": 1780712124.199977,
                "retries": 0,
                "file_path": "test_outputs.py"
            },
            {
                "name": "test_outputs.py::test_layout_file",
                "status": "passed",
                "duration": 0.00028807297348976135,
                "start": 1780712124.200119,
                "stop": 1780712124.2004938,
                "retries": 0,
                "file_path": "test_outputs.py"
            }
        ]
    }
}