{
    "results": {
        "tool": {
            "name": "pytest",
            "version": "8.4.1"
        },
        "summary": {
            "tests": 2,
            "passed": 2,
            "failed": 0,
            "skipped": 0,
            "pending": 0,
            "other": 0,
            "start": 1781036763.7040963,
            "stop": 1781036763.756345
        },
        "tests": [
            {
                "name": "test_outputs.py::test_about_file",
                "status": "passed",
                "duration": 0.0004885904490947723,
                "start": 1781036763.7549443,
                "stop": 1781036763.755591,
                "retries": 0,
                "file_path": "test_outputs.py"
            },
            {
                "name": "test_outputs.py::test_layout_file",
                "status": "passed",
                "duration": 0.00041633471846580505,
                "start": 1781036763.7557204,
                "stop": 1781036763.7562437,
                "retries": 0,
                "file_path": "test_outputs.py"
            }
        ]
    }
}