{
    "results": {
        "tool": {
            "name": "pytest",
            "version": "8.4.1"
        },
        "summary": {
            "tests": 2,
            "passed": 2,
            "failed": 0,
            "skipped": 0,
            "pending": 0,
            "other": 0,
            "start": 1781213546.4876955,
            "stop": 1781213546.547645
        },
        "tests": [
            {
                "name": "test_outputs.py::test_about_file",
                "status": "passed",
                "duration": 0.0005201548337936401,
                "start": 1781213546.5461862,
                "stop": 1781213546.5468798,
                "retries": 0,
                "file_path": "test_outputs.py"
            },
            {
                "name": "test_outputs.py::test_layout_file",
                "status": "passed",
                "duration": 0.0004191771149635315,
                "start": 1781213546.5470204,
                "stop": 1781213546.5475357,
                "retries": 0,
                "file_path": "test_outputs.py"
            }
        ]
    }
}